run_id,date,session_type,neuro_tag,final_label,base_label,final_code,CML_z,GPV_z,CML_adj,GPV_adj,reasons
22723906433,2026-05-01,,fresh,Type B — Regulation-limited,Type B — Regulation-limited,B,-0.8824360864225947,1.870391776882099,-1.5824360864225948,1.170391776882099,"base → Type B — Regulation-limited (CML_z=-0.88, GPV_z=1.87); neuro_tag='fresh' (fresh / controlled self-report); after adj → Type B — Regulation-limited (CML_adj=-1.58, GPV_adj=1.17)"
22723906433,2026-05-01,easy,fresh,Type B — Regulation-limited,Type B — Regulation-limited,B,-0.8518103753961,1.6890685402943326,-1.5518103753961,0.9890685402943328,"base → Type B — Regulation-limited (CML_z=-0.85, GPV_z=1.69); neuro_tag='fresh' (fresh / controlled self-report); after adj → Type B — Regulation-limited (CML_adj=-1.55, GPV_adj=0.99)"
22693361272,2026-04-28,intervals,body_limited,Type C — Global fatigue,Mixed / normal,C,-0.1738221734194922,0.7832768141227651,0.5261778265805077,0.7832768141227651,"base → Mixed / normal (CML_z=-0.17, GPV_z=0.78); neuro_tag='body_limited' (body-limited self-report); after adj → Type C — Global fatigue (CML_adj=0.53, GPV_adj=0.78)"
22710984600,2026-04-30,tempo,global_fatigue,Type B — Regulation-limited,Type B — Regulation-limited,B,-1.735571790058983,3.795316042213878,-1.0355717900589831,4.495316042213878,"base → Type B — Regulation-limited (CML_z=-1.74, GPV_z=3.80); neuro_tag='global_fatigue' (global fatigue self-report); after adj → Type B — Regulation-limited (CML_adj=-1.04, GPV_adj=4.50)"
22710984600,2026-04-30,tempo,body_limited,Type B — Regulation-limited,Type B — Regulation-limited,B,-1.564804670179644,3.242184824468928,-0.8648046701796441,3.242184824468928,"base → Type B — Regulation-limited (CML_z=-1.56, GPV_z=3.24); neuro_tag='body_limited' (body-limited self-report); after adj → Type B — Regulation-limited (CML_adj=-0.86, GPV_adj=3.24)"
22710984600,2026-04-30,tempo,,Type B — Regulation-limited,Type B — Regulation-limited,B,-1.434301967613156,2.918696559751302,-1.434301967613156,2.918696559751302,"base → Type B — Regulation-limited (CML_z=-1.43, GPV_z=2.92)"
22723906433,2026-05-01,,fresh,Mixed / normal,Type B — Regulation-limited,M,-0.5253103552146399,0.7379981807769914,-1.2253103552146398,0.0379981807769914,"base → Type B — Regulation-limited (CML_z=-0.53, GPV_z=0.74); neuro_tag='fresh' (fresh / controlled self-report); after adj → Mixed / normal (CML_adj=-1.23, GPV_adj=0.04)"
22723906433,2026-05-01,,fresh,Mixed / normal,Type B — Regulation-limited,M,-0.5138253717604953,0.7011879903238003,-1.2138253717604952,0.0011879903238003,"base → Type B — Regulation-limited (CML_z=-0.51, GPV_z=0.70); neuro_tag='fresh' (fresh / controlled self-report); after adj → Mixed / normal (CML_adj=-1.21, GPV_adj=0.00)"
22710984600,2026-04-30,tempo,body_limited,Type B — Regulation-limited,Type B — Regulation-limited,B,-1.3386214664470724,2.7243312952810674,-0.6386214664470724,2.7243312952810674,"base → Type B — Regulation-limited (CML_z=-1.34, GPV_z=2.72); neuro_tag='body_limited' (body-limited self-report); after adj → Type B — Regulation-limited (CML_adj=-0.64, GPV_adj=2.72)"
22698549895,2026-04-29,,,Type D — Fresh / controlled,Type D — Fresh / controlled,D,-1.1738645364396276,-2.229502672369894,-1.1738645364396276,-2.229502672369894,"base → Type D — Fresh / controlled (CML_z=-1.17, GPV_z=-2.23)"
22693362489,2026-04-28,,,Type D — Fresh / controlled,Type D — Fresh / controlled,D,-1.687438130854,-2.915486557588666,-1.687438130854,-2.915486557588666,"base → Type D — Fresh / controlled (CML_z=-1.69, GPV_z=-2.92)"
22692522526,2026-04-28,,,Mixed / normal,Mixed / normal,M,-0.1051388803316139,-0.0224851528720255,-0.1051388803316139,-0.0224851528720255,"base → Mixed / normal (CML_z=-0.11, GPV_z=-0.02)"
22664134790,2026-04-26,,,Type D — Fresh / controlled,Type D — Fresh / controlled,D,-1.1930968251378524,-1.3262101683453285,-1.1930968251378524,-1.3262101683453285,"base → Type D — Fresh / controlled (CML_z=-1.19, GPV_z=-1.33)"
22639997102,2026-04-24,,,Type D — Fresh / controlled,Type D — Fresh / controlled,D,-1.6707312395369531,-1.379421144955625,-1.6707312395369531,-1.379421144955625,"base → Type D — Fresh / controlled (CML_z=-1.67, GPV_z=-1.38)"
22633154904,2026-04-23,,,Type A — Body-limited,Type A — Body-limited,A,0.6674944229781626,-0.513163351521041,0.6674944229781626,-0.513163351521041,"base → Type A — Body-limited (CML_z=0.67, GPV_z=-0.51)"
22614741140,2026-04-22,,,Type D — Fresh / controlled,Type D — Fresh / controlled,D,-1.9235101091107245,-1.7750264149581292,-1.9235101091107245,-1.7750264149581292,"base → Type D — Fresh / controlled (CML_z=-1.92, GPV_z=-1.78)"
22609934869,2026-04-21,,,Type D — Fresh / controlled,Type D — Fresh / controlled,D,-1.712875037433014,-2.4543611062718824,-1.712875037433014,-2.4543611062718824,"base → Type D — Fresh / controlled (CML_z=-1.71, GPV_z=-2.45)"
22609699876,2026-04-21,,,Type C — Global fatigue,Type C — Global fatigue,C,2.2667913104672537,1.3633034616606077,2.2667913104672537,1.3633034616606077,"base → Type C — Global fatigue (CML_z=2.27, GPV_z=1.36)"
22608686572,2026-04-21,,,Type D — Fresh / controlled,Type D — Fresh / controlled,D,-1.1951179957482747,-1.3383650234184965,-1.1951179957482747,-1.3383650234184965,"base → Type D — Fresh / controlled (CML_z=-1.20, GPV_z=-1.34)"
22567837863,2026-04-18,,,Type B — Regulation-limited,Type B — Regulation-limited,B,-0.9561085441775264,6.264874473264433,-0.9561085441775264,6.264874473264433,"base → Type B — Regulation-limited (CML_z=-0.96, GPV_z=6.26)"
22556309717,2026-04-17,,,Type D — Fresh / controlled,Type D — Fresh / controlled,D,-1.4428587767272878,-0.9808231120646635,-1.4428587767272878,-0.9808231120646635,"base → Type D — Fresh / controlled (CML_z=-1.44, GPV_z=-0.98)"
22548196186,2026-04-16,,,Type A — Body-limited,Type A — Body-limited,A,1.4995553567877178,-1.129355844429578,1.4995553567877178,-1.129355844429578,"base → Type A — Body-limited (CML_z=1.50, GPV_z=-1.13)"
22531293450,2026-04-15,,,Mixed / normal,Mixed / normal,M,-0.4029092144546512,-1.875786462419336,-0.4029092144546512,-1.875786462419336,"base → Mixed / normal (CML_z=-0.40, GPV_z=-1.88)"
22526690983,2026-04-14,,,Type D — Fresh / controlled,Type D — Fresh / controlled,D,-3.005693428610114,-1.1441372756140635,-3.005693428610114,-1.1441372756140635,"base → Type D — Fresh / controlled (CML_z=-3.01, GPV_z=-1.14)"
22526411652,2026-04-14,,,Mixed / normal,Mixed / normal,M,0.1342818236190855,0.5336080779622706,0.1342818236190855,0.5336080779622706,"base → Mixed / normal (CML_z=0.13, GPV_z=0.53)"
22525649414,2026-04-14,,,Mixed / normal,Mixed / normal,M,-1.8368245182500684,-0.2507566481439252,-1.8368245182500684,-0.2507566481439252,"base → Mixed / normal (CML_z=-1.84, GPV_z=-0.25)"
22497018146,2026-04-12,,,Mixed / normal,Mixed / normal,M,0.2110301301056432,-1.6843987729965355,0.2110301301056432,-1.6843987729965355,"base → Mixed / normal (CML_z=0.21, GPV_z=-1.68)"
22496732147,2026-04-12,,,Type C — Global fatigue,Type C — Global fatigue,C,3.769892878884168,1.0921526825486896,3.769892878884168,1.0921526825486896,"base → Type C — Global fatigue (CML_z=3.77, GPV_z=1.09)"
22496749298,2026-04-12,,,Mixed / normal,Mixed / normal,M,0.1747042357056273,-1.0778936181597871,0.1747042357056273,-1.0778936181597871,"base → Mixed / normal (CML_z=0.17, GPV_z=-1.08)"
22474871663,2026-04-10,,,Mixed / normal,Mixed / normal,M,-0.2307963898778556,-0.9437036268028364,-0.2307963898778556,-0.9437036268028364,"base → Mixed / normal (CML_z=-0.23, GPV_z=-0.94)"
22465843962,2026-04-09,,,Mixed / normal,Mixed / normal,M,0.2507233635814991,-0.267855665756843,0.2507233635814991,-0.267855665756843,"base → Mixed / normal (CML_z=0.25, GPV_z=-0.27)"
22444020414,2026-04-07,,,Mixed / normal,Mixed / normal,M,-0.0376029905405415,-1.045535384172443,-0.0376029905405415,-1.045535384172443,"base → Mixed / normal (CML_z=-0.04, GPV_z=-1.05)"
22444016872,2026-04-07,,,Mixed / normal,Mixed / normal,M,0.2563176560444677,1.5201711113371743,0.2563176560444677,1.5201711113371743,"base → Mixed / normal (CML_z=0.26, GPV_z=1.52)"
22442738916,2026-04-07,,,Type D — Fresh / controlled,Type D — Fresh / controlled,D,-0.5325459408462062,-1.7730607944188452,-0.5325459408462062,-1.7730607944188452,"base → Type D — Fresh / controlled (CML_z=-0.53, GPV_z=-1.77)"
22413132022,2026-04-05,,,Type D — Fresh / controlled,Type D — Fresh / controlled,D,-1.2011327547768222,-1.3143077641147591,-1.2011327547768222,-1.3143077641147591,"base → Type D — Fresh / controlled (CML_z=-1.20, GPV_z=-1.31)"
22404088938,2026-04-04,,,Type D — Fresh / controlled,Type D — Fresh / controlled,D,-0.5735815309827799,-1.1230241809267176,-0.5735815309827799,-1.1230241809267176,"base → Type D — Fresh / controlled (CML_z=-0.57, GPV_z=-1.12)"
22403498566,2026-04-04,,,Type A — Body-limited,Type A — Body-limited,A,4.568329034938053,-1.3512364623870183,4.568329034938053,-1.3512364623870183,"base → Type A — Body-limited (CML_z=4.57, GPV_z=-1.35)"
22402887590,2026-04-04,,,Mixed / normal,Mixed / normal,M,0.1042582113718018,-1.6507685758113686,0.1042582113718018,-1.6507685758113686,"base → Mixed / normal (CML_z=0.10, GPV_z=-1.65)"
22380908325,2026-04-02,,,Mixed / normal,Mixed / normal,M,0.3264456505856652,-0.1896412015644353,0.3264456505856652,-0.1896412015644353,"base → Mixed / normal (CML_z=0.33, GPV_z=-0.19)"
22746475721,2026-05-03,,,Type C — Global fatigue,Type C — Global fatigue,C,1.1613062304576176,6.322401842247567,1.1613062304576176,6.322401842247567,"base → Type C — Global fatigue (CML_z=1.16, GPV_z=6.32)"
22745071536,2026-05-03,,,Type D — Fresh / controlled,Type D — Fresh / controlled,D,-1.6615077786355104,-1.847606770359168,-1.6615077786355104,-1.847606770359168,"base → Type D — Fresh / controlled (CML_z=-1.66, GPV_z=-1.85)"
22745071536,2026-05-03,easy,fresh,Type D — Fresh / controlled,Type D — Fresh / controlled,D,-1.600307044858253,-1.813581714190233,-2.300307044858253,-2.513581714190233,"base → Type D — Fresh / controlled (CML_z=-1.60, GPV_z=-1.81); neuro_tag='fresh' (fresh / controlled self-report); after adj → Type D — Fresh / controlled (CML_adj=-2.30, GPV_adj=-2.51)"
22746475721,2026-05-03,race,body_limited,Type C — Global fatigue,Mixed / normal,C,0.8966503277880093,5.718002981972247,1.5966503277880093,5.718002981972247,"base → Mixed / normal (CML_z=0.90, GPV_z=5.72); neuro_tag='body_limited' (body-limited self-report); after adj → Type C — Global fatigue (CML_adj=1.60, GPV_adj=5.72)"
22777610762,2026-05-05,,,Mixed / normal,Mixed / normal,M,0.0490445955964003,-1.6173402844989593,0.0490445955964003,-1.6173402844989593,"base → Mixed / normal (CML_z=0.05, GPV_z=-1.62)"
22777610762,2026-05-05,easy,global_fatigue,Type A — Body-limited,Mixed / normal,A,0.0482267377425977,-1.59966877424322,0.7482267377425976,-0.8996687742432201,"base → Mixed / normal (CML_z=0.05, GPV_z=-1.60); neuro_tag='global_fatigue' (global fatigue self-report); after adj → Type A — Body-limited (CML_adj=0.75, GPV_adj=-0.90)"
22782560719,2026-05-06,,,Type D — Fresh / controlled,Type D — Fresh / controlled,D,-1.192227714634995,-0.9439162071028392,-1.192227714634995,-0.9439162071028392,"base → Type D — Fresh / controlled (CML_z=-1.19, GPV_z=-0.94)"
22363965963,2026-03-31,,,Mixed / normal,Mixed / normal,M,-0.8253371946735588,-0.4972273202749942,-0.8253371946735588,-0.4972273202749942,"base → Mixed / normal (CML_z=-0.83, GPV_z=-0.50)"
22363621858,2026-03-31,,,Type C — Global fatigue,Type C — Global fatigue,C,2.046205837594353,1.279391289904965,2.046205837594353,1.279391289904965,"base → Type C — Global fatigue (CML_z=2.05, GPV_z=1.28)"
22362816937,2026-03-31,,,Type B — Regulation-limited,Type B — Regulation-limited,B,-1.6791661601036438,1.4413286466916932,-1.6791661601036438,1.4413286466916932,"base → Type B — Regulation-limited (CML_z=-1.68, GPV_z=1.44)"
22337057846,2026-03-29,,,Type D — Fresh / controlled,Type D — Fresh / controlled,D,-0.99548529542995,-1.4106940375198758,-0.99548529542995,-1.4106940375198758,"base → Type D — Fresh / controlled (CML_z=-1.00, GPV_z=-1.41)"
22315224236,2026-03-27,,,Type D — Fresh / controlled,Type D — Fresh / controlled,D,-1.4403307195667774,-1.6342409240590563,-1.4403307195667774,-1.6342409240590563,"base → Type D — Fresh / controlled (CML_z=-1.44, GPV_z=-1.63)"
22308661439,2026-03-26,,,Type C — Global fatigue,Type C — Global fatigue,C,2.074102095439908,0.7465624992433109,2.074102095439908,0.7465624992433109,"base → Type C — Global fatigue (CML_z=2.07, GPV_z=0.75)"
22287477081,2026-03-24,,,Type D — Fresh / controlled,Type D — Fresh / controlled,D,-0.7176596491257519,-2.254199017270655,-0.7176596491257519,-2.254199017270655,"base → Type D — Fresh / controlled (CML_z=-0.72, GPV_z=-2.25)"
22287206816,2026-03-24,,,Type C — Global fatigue,Type C — Global fatigue,C,4.548822926161882,0.6334726145510543,4.548822926161882,0.6334726145510543,"base → Type C — Global fatigue (CML_z=4.55, GPV_z=0.63)"
22286435742,2026-03-24,,,Type D — Fresh / controlled,Type D — Fresh / controlled,D,-2.254191474147617,-1.001952854996178,-2.254191474147617,-1.001952854996178,"base → Type D — Fresh / controlled (CML_z=-2.25, GPV_z=-1.00)"
22258011583,2026-03-22,,,Mixed / normal,Mixed / normal,M,-1.557024637619045,-0.3538752420121994,-1.557024637619045,-0.3538752420121994,"base → Mixed / normal (CML_z=-1.56, GPV_z=-0.35)"
22237591661,2026-03-20,,,Mixed / normal,Mixed / normal,M,1.6480804145586263,-0.3272555739885333,1.6480804145586263,-0.3272555739885333,"base → Mixed / normal (CML_z=1.65, GPV_z=-0.33)"
22229522031,2026-03-19,,,Mixed / normal,Mixed / normal,M,-0.4624454714577658,-1.0857405782514955,-0.4624454714577658,-1.0857405782514955,"base → Mixed / normal (CML_z=-0.46, GPV_z=-1.09)"
22198195953,2026-03-17,,,Mixed / normal,Mixed / normal,M,-1.7814113330051549,0.0102461718991326,-1.7814113330051549,0.0102461718991326,"base → Mixed / normal (CML_z=-1.78, GPV_z=0.01)"
22176470161,2026-03-15,,,Mixed / normal,Mixed / normal,M,0.208417984334201,-0.6715680140191251,0.208417984334201,-0.6715680140191251,"base → Mixed / normal (CML_z=0.21, GPV_z=-0.67)"
22154664575,2026-03-13,,,Mixed / normal,Mixed / normal,M,0.102872929114315,-0.2626846066451776,0.102872929114315,-0.2626846066451776,"base → Mixed / normal (CML_z=0.10, GPV_z=-0.26)"
22145044363,2026-03-12,,,Mixed / normal,Mixed / normal,M,1.4997315345754114,-0.2904076240498253,1.4997315345754114,-0.2904076240498253,"base → Mixed / normal (CML_z=1.50, GPV_z=-0.29)"
22132905431,2026-03-11,,,Mixed / normal,Mixed / normal,M,0.0598339795361372,-1.154359120074858,0.0598339795361372,-1.154359120074858,"base → Mixed / normal (CML_z=0.06, GPV_z=-1.15)"
22121517818,2026-03-10,,,Mixed / normal,Mixed / normal,M,-1.0135446671234822,-0.3774555514149229,-1.0135446671234822,-0.3774555514149229,"base → Mixed / normal (CML_z=-1.01, GPV_z=-0.38)"
22079844162,2026-03-06,,,Type D — Fresh / controlled,Type D — Fresh / controlled,D,-1.4778948385355355,-0.9645290493835338,-1.4778948385355355,-0.9645290493835338,"base → Type D — Fresh / controlled (CML_z=-1.48, GPV_z=-0.96)"
22073721805,2026-03-05,,,Mixed / normal,Mixed / normal,M,-0.0367575362101844,0.5206659622287361,-0.0367575362101844,0.5206659622287361,"base → Mixed / normal (CML_z=-0.04, GPV_z=0.52)"
22051189168,2026-03-03,,,Type D — Fresh / controlled,Type D — Fresh / controlled,D,-1.0121351752121297,-1.3564003091800356,-1.0121351752121297,-1.3564003091800356,"base → Type D — Fresh / controlled (CML_z=-1.01, GPV_z=-1.36)"
22051026036,2026-03-03,,,Type B — Regulation-limited,Type B — Regulation-limited,B,-2.967797801166231,0.5771803810999999,-2.967797801166231,0.5771803810999999,"base → Type B — Regulation-limited (CML_z=-2.97, GPV_z=0.58)"
22050107598,2026-03-03,,,Type D — Fresh / controlled,Type D — Fresh / controlled,D,-2.2286636165212803,-2.2879096424956056,-2.2286636165212803,-2.2879096424956056,"base → Type D — Fresh / controlled (CML_z=-2.23, GPV_z=-2.29)"
22023538684,2026-03-01,,,Type D — Fresh / controlled,Type D — Fresh / controlled,D,-0.9300352632193064,-0.9253334832870994,-0.9300352632193064,-0.9253334832870994,"base → Type D — Fresh / controlled (CML_z=-0.93, GPV_z=-0.93)"
22001830079,2026-02-27,,,Mixed / normal,Mixed / normal,M,-0.4645769682795293,-0.9127524327223868,-0.4645769682795293,-0.9127524327223868,"base → Mixed / normal (CML_z=-0.46, GPV_z=-0.91)"
21992750585,2026-02-26,,,Type C — Global fatigue,Type C — Global fatigue,C,4.638635274851173,2.549057656510435,4.638635274851173,2.549057656510435,"base → Type C — Global fatigue (CML_z=4.64, GPV_z=2.55)"
21992311322,2026-02-26,,,Type D — Fresh / controlled,Type D — Fresh / controlled,D,-1.4378998859604248,-1.9627300617809704,-1.4378998859604248,-1.9627300617809704,"base → Type D — Fresh / controlled (CML_z=-1.44, GPV_z=-1.96)"
21973675448,2026-02-24,,,Type D — Fresh / controlled,Type D — Fresh / controlled,D,-5.746047590465657,-0.8623598675621158,-5.746047590465657,-0.8623598675621158,"base → Type D — Fresh / controlled (CML_z=-5.75, GPV_z=-0.86)"
21973517362,2026-02-24,,,Mixed / normal,Mixed / normal,M,-0.1537089582229194,0.1486365391928,-0.1537089582229194,0.1486365391928,"base → Mixed / normal (CML_z=-0.15, GPV_z=0.15)"
21972682322,2026-02-24,,,Type D — Fresh / controlled,Type D — Fresh / controlled,D,-1.163261504069225,-1.476954417575543,-1.163261504069225,-1.476954417575543,"base → Type D — Fresh / controlled (CML_z=-1.16, GPV_z=-1.48)"
21947557675,2026-02-22,,,Mixed / normal,Mixed / normal,M,-0.1314021766323541,-1.6990308761832562,-0.1314021766323541,-1.6990308761832562,"base → Mixed / normal (CML_z=-0.13, GPV_z=-1.70)"
21925440088,2026-02-20,,,Mixed / normal,Mixed / normal,M,-2.385989927535851,-0.1000927727873453,-2.385989927535851,-0.1000927727873453,"base → Mixed / normal (CML_z=-2.39, GPV_z=-0.10)"
21919830214,2026-02-19,,,Type D — Fresh / controlled,Type D — Fresh / controlled,D,-1.196463802970591,-0.9459221466525976,-1.196463802970591,-0.9459221466525976,"base → Type D — Fresh / controlled (CML_z=-1.20, GPV_z=-0.95)"
21919640047,2026-02-19,,,Mixed / normal,Mixed / normal,M,0.4681468740809412,-0.6461382585614865,0.4681468740809412,-0.6461382585614865,"base → Mixed / normal (CML_z=0.47, GPV_z=-0.65)"
21919332413,2026-02-19,,,Mixed / normal,Mixed / normal,M,-0.4831417408807815,-1.2068463998853969,-0.4831417408807815,-1.2068463998853969,"base → Mixed / normal (CML_z=-0.48, GPV_z=-1.21)"
21900007822,2026-02-17,,,Type D — Fresh / controlled,Type D — Fresh / controlled,D,-1.9648965975572863,-1.2463308242983788,-1.9648965975572863,-1.2463308242983788,"base → Type D — Fresh / controlled (CML_z=-1.96, GPV_z=-1.25)"
21899810178,2026-02-17,,,Mixed / normal,Mixed / normal,M,0.1562253277281371,0.5882673527975419,0.1562253277281371,0.5882673527975419,"base → Mixed / normal (CML_z=0.16, GPV_z=0.59)"
21899144689,2026-02-17,,,Type D — Fresh / controlled,Type D — Fresh / controlled,D,-0.6506734547509437,-0.5839804398058859,-0.6506734547509437,-0.5839804398058859,"base → Type D — Fresh / controlled (CML_z=-0.65, GPV_z=-0.58)"
21874559761,2026-02-15,,,Mixed / normal,Mixed / normal,M,0.1715478055050697,-1.2188821353041224,0.1715478055050697,-1.2188821353041224,"base → Mixed / normal (CML_z=0.17, GPV_z=-1.22)"
21855189030,2026-02-13,,,Mixed / normal,Mixed / normal,M,0.2563635643171792,1.6299287339600408,0.2563635643171792,1.6299287339600408,"base → Mixed / normal (CML_z=0.26, GPV_z=1.63)"
21844548016,2026-02-12,,,Mixed / normal,Mixed / normal,M,-0.0073548180983932,-0.0789217267608534,-0.0073548180983932,-0.0789217267608534,"base → Mixed / normal (CML_z=-0.01, GPV_z=-0.08)"
21822288001,2026-02-10,,,Type D — Fresh / controlled,Type D — Fresh / controlled,D,-6.647447040135165,-0.8675220747398861,-6.647447040135165,-0.8675220747398861,"base → Type D — Fresh / controlled (CML_z=-6.65, GPV_z=-0.87)"
21801897900,2026-02-08,,,Mixed / normal,Mixed / normal,M,-0.447814399857286,-0.5610062800269547,-0.447814399857286,-0.5610062800269547,"base → Mixed / normal (CML_z=-0.45, GPV_z=-0.56)"
21781749495,2026-02-06,,,Type D — Fresh / controlled,Type D — Fresh / controlled,D,-1.4768117270962282,-2.0303367916855906,-1.4768117270962282,-2.0303367916855906,"base → Type D — Fresh / controlled (CML_z=-1.48, GPV_z=-2.03)"
22782560719,2026-05-06,easy,fresh,Type D — Fresh / controlled,Type D — Fresh / controlled,D,-0.7962474333237127,-0.818621552844418,-1.4962474333237128,-1.5186215528444178,"base → Type D — Fresh / controlled (CML_z=-0.80, GPV_z=-0.82); neuro_tag='fresh' (fresh / controlled self-report); after adj → Type D — Fresh / controlled (CML_adj=-1.50, GPV_adj=-1.52)"
22798764403,2026-05-07,,,Mixed / normal,Mixed / normal,M,-0.2107998951287142,0.565860199386141,-0.2107998951287142,0.565860199386141,"base → Mixed / normal (CML_z=-0.21, GPV_z=0.57)"
22798764403,2026-05-07,tempo,body_limited,Mixed / normal,Mixed / normal,M,-0.2103136901349443,0.5625243005519938,0.4896863098650557,0.5625243005519938,"base → Mixed / normal (CML_z=-0.21, GPV_z=0.56); neuro_tag='body_limited' (body-limited self-report); after adj → Mixed / normal (CML_adj=0.49, GPV_adj=0.56)"
22798764403,2026-05-07,easy,fresh,Mixed / normal,Mixed / normal,M,-0.20982314154566334,0.5592463793950885,-0.9098231415456632,-0.14075362060491148,"base → Mixed / normal (CML_z=-0.21, GPV_z=0.56); neuro_tag='fresh' (fresh / controlled self-report); after adj → Mixed / normal (CML_adj=-0.91, GPV_adj=-0.14)"
